{"sFQYbgHXTPSKCGDLNFMDlA==":"ebookg7diaspronto2-600x630.png","MAVC0iQDbytEH0xTLQxung==":"squeri-head-436x611.jpg","chv6XWK1dxXncnT+kENWMA==":"r7-logo-900x770.png","w/tj1aX+/bq5nwA8jv64ZQ==":"g1-logo-900x541.png","2QFJmFdh6UgG+vOdhJF1Zg==":"jornal-nacional-logo-518d23198e-seeklogo.com_-300x185.png","ayzDB2kzzYBfqZa4qXCydg==":"dep1-1080x1848.png","ivlCdogJDG2VC8RwfXqhIQ==":"dep2-598x1024.png","3PlbNwEIbjUS604yS54XTA==":"dep3-1080x1848.png","OeoI2/3fq4cSoM82QRg1xg==":"dep4-1080x1848.png","vX/ilNjCtFq9BFNHPHBthA==":"dep5-1080x1848.png","Re5QEuMqAWQBkxmzH32+rw==":"dep6-1080x1848.png","Oimg7GJTw5ehRkqYsHB1BQ==":"oie_transparent-2020-10-17t191928.309-410x570.png","JqN3MvQuv9IvRZlGvXvzRg==":"oie_transparent-2020-10-17t191950.932-410x570.png","pa5Dkwo/T1qgW/t0h+fQvA==":"background5.jpg","sT80Y4RCGNBrSInGgrjIuA==":"background3.jpg","UAc7kepzJPkrSn4uqTRvmw==":"background4.jpg","EBfrffNd3Ex8NGx+IQd1Eg==":"oie_transparent-2020-10-17t193027.047-410x570.png","q05d+wMbbxk4qsafsQgAdw==":"oie_transparent-2020-10-17t192036.850-410x570.png","BagfXpWLQy5lKJsb4TYgCA==":"002-1366x768.png","9mcTvBpHIZwEQkI48+kBTg==":"selo-garantia-7-dias-small-396x389.png","hvVdfikdbKnAUXbSjHl8lw==":"selo-patenteado-300x247-1-300x247.png","l9Ucut7JQHsY7KJHxULXiw==":"photo5148121739027392710-1366x768.jpg","AORfXdtltwBQcwEDdoWmMw==":"photo5152512527043766553-720x415.jpg","YlU6Oh56kNKJCZ8AohKNMA==":"photo5152512527043766553-1-720x415.jpg","0gpwXVqTSzr6iny0yz58+w==":"photo5145401006094395664-606x1280.jpg","ijjd6qzrFjuebJ1uP6ZQDQ==":"mbr-1920x1280.jpg","Ho9Q/fiZwCqdwdPrgxK0FQ==":"photo5152512527043766554-702x211.jpg","rMH4Bzf7loc2osDambMYfg==":"photo5152512527043766554-1-702x211.jpg","pgTE6jKbu9KMB7mYTn6RTw==":"photo5152512527043766554-2-702x211.jpg","7QEBFETwJsnn5Pse1J3PBA==":"photo5152512527043766554-720x216.jpg","0Zow+5Bw6xxyIlavlSMXuw==":"photo5152512527043766554-1-720x216.jpg","dAeoW8jNAvThf+nHD+yVQQ==":"photo5152512527043766554-2-720x216.jpg","wTWUeMKr3f8DmbtCenB3Ag==":"photo5152512527043766555-720x206.jpg","rD46AWWr7bgwLKNd4r+7RA==":"photo5152512527043766555-1-720x206.jpg","H5sOe/NEqGYxFNT6uau/xQ==":"photo5152512527043766556%20(1)-712x264.jpg","FSEJD6SBxAknP/nWBSWw1g==":"photo5152512527043766555-2-720x206.jpg","v/wNPHtop1yVxv9rZrcRWQ==":"dep3-1080x1848-800x1369.png","V9IMur34UffcyiYHzckPtw==":"photo5152512527043766557-720x1150.jpg","KzgU08b3eh1aJAN2AmOkCg==":"photo5152512527043766558-720x1101.jpg","zbhYg6TmOXCJHdgMyXgUVA==":"photo5152512527043766559-720x1046.jpg"}